Type,Channel,Day,Start,End,Programme,Description
programme,Craggy_FM,Mon,100,500,Overnight,Description of Overnight
programme,Craggy_FM,Mon,500,700,Early Mornings,Description of Early Mornings
programme,Craggy_FM,Mon,700,1100,The John Morgan Morning Show,Description of The John Morgan Morning Show
programme,Craggy_FM,Mon,1100,1530,John and Mary,Description of John and Mary
programme,Craggy_FM,Mon,1530,1900,Ecumenical Matters,Description of Ecumenical Matters
programme,Craggy_FM,Mon,1900,2200,Priestchat,Description of Priestchat
programme,Craggy_FM,Mon,2200,100,The Mainland Programme,Description of The Mainland Programme
programme,Craggy_FM,Tue,100,500,Overnight,Description of Overnight
programme,Craggy_FM,Tue,500,700,Early Mornings,Description of Early Mornings
programme,Craggy_FM,Tue,700,1100,The John Morgan Morning Show,Description of The John Morgan Morning Show
programme,Craggy_FM,Tue,1100,1530,John and Mary,Description of John and Mary
programme,Craggy_FM,Tue,1530,1900,Ecumenical Matters,Description of Ecumenical Matters
programme,Craggy_FM,Tue,1900,2200,Priestchat,Description of Priestchat
programme,Craggy_FM,Tue,2200,100,The Mainland Programme,Description of The Mainland Programme
programme,Craggy_FM,Wed,100,500,Overnight,Description of Overnight
programme,Craggy_FM,Wed,500,700,Early Mornings,Description of Early Mornings
programme,Craggy_FM,Wed,700,1100,The John Morgan Morning Show,Description of The John Morgan Morning Show
programme,Craggy_FM,Wed,1100,1530,John and Mary,Description of John and Mary
programme,Craggy_FM,Wed,1530,1900,Ecumenical Matters,Description of Ecumenical Matters
programme,Craggy_FM,Wed,1900,2200,Priestchat,Description of Priestchat
programme,Craggy_FM,Wed,2200,100,The Mainland Programme,Description of The Mainland Programme
programme,Craggy_FM,Thurs,100,500,Overnight,Description of Overnight
programme,Craggy_FM,Thurs,500,700,Early Mornings,Description of Early Mornings
programme,Craggy_FM,Thurs,700,1100,The John Morgan Morning Show,Description of The John Morgan Morning Show
programme,Craggy_FM,Thurs,1100,1530,John and Mary,Description of John and Mary
programme,Craggy_FM,Thurs,1530,1900,Ecumenical Matters,Description of Ecumenical Matters
programme,Craggy_FM,Thurs,1900,2200,Priestchat,Description of Priestchat
programme,Craggy_FM,Thurs,2200,100,The Mainland Programme,Description of The Mainland Programme
programme,Craggy_FM,Fri,100,500,Overnight,Description of Overnight
programme,Craggy_FM,Fri,500,700,Early Mornings,Description of Early Mornings
programme,Craggy_FM,Fri,700,1100,The John Morgan Morning Show,Description of The John Morgan Morning Show
programme,Craggy_FM,Fri,1100,1530,John and Mary,Description of John and Mary
programme,Craggy_FM,Fri,1530,1900,Ecumenical Matters,Description of Ecumenical Matters
programme,Craggy_FM,Fri,1900,2200,Priestchat,Description of Priestchat
programme,Craggy_FM,Fri,2200,100,The Mainland Programme,Description of The Mainland Programme
programme,Craggy_FM,Sat,100,500,Overnight,Description of Overnight
programme,Craggy_FM,Sat,500,700,Early Weekends,Description of Early Weekends
programme,Craggy_FM,Sat,700,1100,The John Morgan Saturday Show,Description of The John Morgan Saturday Show
programme,Craggy_FM,Sat,1100,1530,John and Mary,Description of John and Mary
programme,Craggy_FM,Sat,1530,1900,Ecumenical Matters,Description of Ecumenical Matters
programme,Craggy_FM,Sat,1900,2200,Priestchat Vigil,Description of Priestchat Vigil
programme,Craggy_FM,Sat,2200,100,The Mainland Programme,Description of The Mainland Programme
programme,Craggy_FM,Sun,100,500,Overnight,Description of Overnight
programme,Craggy_FM,Sun,500,700,Early Weekends,Description of Early Weekends
programme,Craggy_FM,Sun,700,1100,The John Morgan Sunday Show,Description of The John Morgan Sunday Show
programme,Craggy_FM,Sun,1100,1530,John and Mary,Description of John and Mary
programme,Craggy_FM,Sun,1530,1900,Ecumenical Matters,Description of Ecumenical Matters
programme,Craggy_FM,Sun,1900,2200,Priestchat Sunday Analysis,Description of Priestchat Sunday Analysis
programme,Craggy_FM,Sun,2200,100,The Mainland Programme,Description of The Mainland Programme
